inp1,inp2,V(Internal node)
0,0,9.999997e-01
0,1,4.406792e-01
1,0,8.859338e-04
1,1,4.622066e-01
