inp1,inp2,V(Internal node)
0,0,9.999962e-01
0,1,3.864054e-03
1,0,2.967120e-11
1,1,8.783304e-03
