inp1,inp2,V(Internal node)
0,0,1.208642e-01
0,1,5.964721e-05
1,0,7.457991e-01
1,1,1.498350e-07
