inp1,inp2,V(Internal node)
0,0,4.734909e-01
0,1,4.494873e-01
1,0,5.165182e-01
1,1,5.151907e-08
